"Qty";"Value";"Device";"Package";"Parts";"Description";"BOM";"PROD_ID";"VALUE";
"1";"";"CONNECTORS_CONN_041X04_NO_SILK";"CONNECTORS_1X04_NO_SILK";"J2";"Multi connection point. Often used as Generic Header-pin footprint for 0.1 inch spaced/style header connections";"";"CONN-09696";"";
"1";"0.1uF";"CAP_CERAMIC-0805";"0805";"C1";"Ceramic Capacitors";"";"";"";
"2";"4.7k";"RESISTOR-0603-NOOUT";"0603-NO";"R1, R2";"Resistors";"";"";"";
"2";"JUMPERS-SMT_2_NC_TRACE_SILK";"JUMPERS-SMT_2_NC_TRACE_SILK";"JUMPERS_SMT-JUMPER_2_NC_TRACE_SILK";"JP1, JP2";"Normally closed trace jumper";"";"";"";
"1";"MILADOR-DEVICE-TLV493D_BOARD";"MILADOR-DEVICE-TLV493D_BOARD";"MILADOR_TLV493D_BOARD";"LABEL_MILADOR_TLV493D_BOTTOM";"";"";"";"";
"1";"MILADOR-LABEL-3V";"MILADOR-LABEL-3V";"LABEL-3V";"LABEL_3V_BOTTOM";"";"";"";"";
"1";"MILADOR-LABEL-GND";"MILADOR-LABEL-GND";"LABEL-GND";"LABEL_GND_BOTTOM";"";"";"";"";
"1";"MILADOR-LABEL-SCL";"MILADOR-LABEL-SCL";"LABEL-SCL";"LABE_SCL_BOTTOM";"";"";"";"";
"1";"MILADOR-LABEL-SDA";"MILADOR-LABEL-SDA";"LABEL-SDA";"LABE_SDA_BOTTOM";"";"";"";"";
"2";"MILADOR-LOGO-";"MILADOR-LOGO-";"MILADOR_LOGO1";"LABEL_MILADOR_BOTTOM, LABEL_MILADOR_TOP";"";"";"";"";
"4";"MOUNTINGHOLE2.5";"MOUNTINGHOLE2.5";"MOUNTINGHOLE_2.5_PLATED";"M1, M2, M3, M4";"Mounting Hole";"EXCLUDE";"";"";
"1";"QWIIC_RIGHT_ANGLE";"QWIIC_CONNECTORSJS-1MM";"CONNECTORS_JST04_1MM_RA";"J1";"SparkFun I2C Standard Qwiic Connector";"";"CONN-13694";"QWIIC_RIGHT_ANGLE";
"1";"TLV493D";"TLV493D";"SOT23-6";"IC1";"";"";"";"";
